<?xml version="1.0" encoding="UTF-8"?>
<!DOCTYPE mapper PUBLIC "-//mybatis.org//DTD Mapper 3.0//EN" "http://mybatis.org/dtd/mybatis-3-mapper.dtd">
<mapper namespace="com.fengwenyi.mybatis_plus_example.dao.StudentDao">

    <!-- 通用查询映射结果 -->
    <resultMap id="BaseResultMap" type="com.fengwenyi.mybatis_plus_example.model.Student">
        <id column="id" property="id" />
        <result column="name" property="name" />
        <result column="age" property="age" />
        <result column="info" property="info" />
        <result column="is_delete" property="isDelete" />
        <result column="create_time" property="createTime" />
        <result column="update_time" property="updateTime" />
        <result column="gender" property="gender" />
        <result column="idcard_id" property="idcardId" />
        <result column="city_id" property="cityId" />
    </resultMap>

    <!--List<Student> selectAll();-->
    <select id="selectAll" resultMap="BaseResultMap">
        select * from t_student
    </select>

</mapper>
